,brand name,rating & review,star rating,discount,other info
0,"REDMI 11 Prime 5G (Meadow Green, 64 GB)","4,687 Ratings & 262 Reviews",4.2,,"4 GB RAM | 64 GB ROM
16.71 cm (6.58 inch) Display
5MP Rear Camera
5000 mAh Battery
1 Year Warranty"
1,"realme GT 8 Pro (Diary White, 512 GB)",99 Ratings & 19 Reviews,4.5,9% off,"16 GB RAM | 512 GB ROM
17.25 cm (6.79 inch) Quad HD+ Display
50MP + 50MP + 200MP | 32MP Front Camera
7000 mAh Battery
8 Elite Gen 5 Processor
1 Year Manufacturer Warranty for Phone and 6 Months Warranty for In-Box Accessories"
2,"OnePlus 11 5G (Eternal Green, 256 GB)","1,900 Ratings & 165 Reviews",4.5,,"16 GB RAM | 256 GB ROM
17.02 cm (6.7 inch) Display
50MP Rear Camera
5000 mAh Battery
domestic warranty of 12 months on phone & 6 months on accessories"
3,"IQOO Z11 Lite 5G (Solar Flame, 256 GB)",,,22% off,"6 GB RAM | 256 GB ROM
17.12 cm (6.74 inch) Display
50MP Rear Camera
6500 mAh Battery
Mediatek Dimensity 6300 Processor
One Year of Handset six months of Accessories"
4,"realme P4R 5G (Silver Glare, 128 GB)","3,219 Ratings & 259 Reviews",4.4,45% off,"6 GB RAM | 128 GB ROM
17.27 cm (6.8 inch) HD+ Display
50MP Rear Camera | 8MP Front Camera
8000 mAh Lithium-ion polymer Battery
Dimensity 6300 Processor
1 Year Manufacturer Warranty for Device and 6 Months Manufacturer Warranty for Inbox Accessories"
5,"realme P4 Lite 5G (Mosaic Blue, 64 GB)","11,802 Ratings & 755 Reviews",4.2,43% off,"4 GB RAM | 64 GB ROM
17.27 cm (6.8 inches) HD+ Display
13MP Rear Camera | 5MP Front Camera
7000 mAh lithium-ion polymer Battery
Dimensity 6300 Processor
1 Year Manufacturer Warranty for Device and 6 Months Manufacturer Warranty for Inbox Accessories"
6,"vivo V70 (Passion Red 2026, 256 GB)","1,589 Ratings & 192 Reviews",4.6,9% off,"8 GB RAM | 256 GB ROM
16.74 cm (6.59 inches) Full HD+ AMOLED Display
50MP + 50MP + 8MP | 50MP Front Camera
6500 mAh Li-ion battery Battery
Snapdragon 7 Gen 4 Processor
1 Year Warranty on Handset and 6 Months Warranty on Accessories"
7,"vivo V70 (Lemon Yellow 2026, 256 GB)","1,589 Ratings & 192 Reviews",4.6,9% off,"8 GB RAM | 256 GB ROM
16.74 cm (6.59 inches) Full HD+ AMOLED Display
50MP + 50MP + 8MP | 50MP Front Camera
6500 mAh Li-ion battery Battery
Snapdragon 7 Gen 4 Processor
1 Year Warranty on Handset and 6 Months Warranty on Accessories"
8,"vivo X200T (Seaside Lilac, 256 GB)","7,826 Ratings & 1,562 Reviews",4.6,25% off,"12 GB RAM | 256 GB ROM
16.94 cm (6.67 inch) Full HD+ AMOLED Display
50MP + 50MP + 50MP | 32MP Front Camera
6200 mAh Battery
Dimensity 9400+ Processor
1 Year Warranty on Handset and 6 Months Warranty on Accessories"
9,"realme P4 Power 5G (TransSilver, 128 GB)","7,149 Ratings & 749 Reviews",4.4,9% off,"8 GB RAM | 128 GB ROM
17.27 cm (6.8 inch) Full HD+ AMOLED Display
50MP + 8MP | Yes
10001 mAh Battery
Dimensity 7400 Ultra Processor
1 Year Manufacturer Warranty for Device and 6 Months Manufacturer Warranty for Inbox Accessories"
10,"REDMI Note 14 Pro+ 5G (Titan Black, 256 GB)","3,406 Ratings & 295 Reviews",4.4,,"8 GB RAM | 256 GB ROM
16.94 cm (6.67 inch) Full HD+ AMOLED Display
50MP + 50MP + 8MP | 20MP Front Camera
6200 mAh Battery
7s Gen 3 Processor
1 Year Manufacturer Warranty for Phone and 6 Months Warranty for In the Box Accessories"
11,"OnePlus N6X (Burgundy Red, 64 GB)",,,22% off,"4 GB RAM | 64 GB ROM
17.27 cm (6.8 inch) HD+ Display
13MP Rear Camera
7000 mAh Battery
MediaTek Dimensity 6360 Apex Processor
One year of handset six month of accessories"
12,"OPPO Reno13 5G (Blue, 128 GB)","4,780 Ratings & 530 Reviews",4.4,,"8 GB RAM | 128 GB ROM
16.74 cm (6.59 inch) Full HD+ Display
50MP + 8MP + 2MP | 50MP Front Camera
5600 mAh Battery
Dimensity 8350 Processor
1 Year Warranty on Handset and 6 Months Warranty on Accessories"
13,"OPPO Reno13 5G (Ivory White, 128 GB)","4,780 Ratings & 530 Reviews",4.4,,"8 GB RAM | 128 GB ROM
16.74 cm (6.59 inch) Full HD+ Display
50MP + 8MP + 2MP | 50MP Front Camera
5600 mAh Battery
Dimensity 8350 Processor
1 Year Warranty on Handset and 6 Months Warranty on Accessories"
14,"Google Pixel 10 (Obsidian, 256 GB)","3,339 Ratings & 320 Reviews",4.5,6% off,"12 GB RAM | 256 GB ROM
16.0 cm (6.3 inch) Quad HD+ Display
48MP + 13MP + 10.8MP | 10.5MP Front Camera
4970 mAh Battery
Tensor G5 Processor
1 Year Domestic Warranty"
15,"OnePlus 15R 5G (Mint Breeze, 512 GB)","1,469 Ratings & 124 Reviews",4.6,7% off,"12 GB RAM | 512 GB ROM
17.35 cm (6.83 inch) Display
50MP Rear Camera
7400 mAh Battery
1 year manufacturer warranty for device and 6 months manufacturer warranty for in-box accessories including batteries from the date of purchase"
16,"POCO M8 (Glacial Blue, 128 GB)","2,080 Ratings & 189 Reviews",4.3,3% off,"8 GB RAM | 128 GB ROM | Expandable Upto 1 TB
17.2 cm (6.77 inch) Full HD+ Display
50MP Rear Camera | 20MP Front Camera
5520 mAh Battery
1 Year Manufacturer Warranty for Phone and 6 Months Warranty for In the Box Accessories"
17,"vivo X300 FE (Urban Olive, 256 GB)",,,22% off,"8 GB RAM | 256 GB ROM
16.03 cm (6.31 inch) Full HD+ AMOLED Display
50MP + 50MP + 8MP | 50MP Front Camera
6500 mAh Battery
Snapdragon 8 Gen 5 Processor
1 Year for Handset and 6 Months for In-box Accessories"
18,"IQOO Z11 Lite 5G (Midnight Blue, 256 GB)",,,34% off,"6 GB RAM | 256 GB ROM
17.12 cm (6.74 inch) Display
50MP Rear Camera
6500 mAh Battery
Mediatek Dimensity 6300 Processor
One Year of Handset six months of Accessories"
19,"OnePlus N6X (Burgundy Red, 128 GB)",,,21% off,"4 GB RAM | 128 GB ROM
17.27 cm (6.8 inch) HD+ Display
13MP Rear Camera
7000 mAh Battery
MediaTek Dimensity 6360 Apex Processor
One year of handset six month of accessories"
20,"OPPO Find X9 Ultra (Tundra Umber, 512 GB)",19 Ratings & 2 Reviews,4.9,32% off,"12 GB RAM | 512 GB ROM
17.32 cm (6.82 inch) Quad HD+ Display
200MP + 50MP + 200MP + 50MP | 50MP Front Camera
7050 mAh Battery
Snapdragon 8 Elite Gen 5 Processor
1 Year Warranty on Handset and 6 Months Warranty on Accessories"
21,"Motorola Edge 20 Fusion 5G (Electric Graphite, 128 GB)","20,491 Ratings & 2,687 Reviews",4,,"6 GB RAM | 128 GB ROM
16.94 cm (6.67 inch) Full HD+ Display
108MP + 8MP + 2MP | 32MP Front Camera
5000 mAh Battery
MediaTek Dimensity 800U Processor
90Hz Refresh Rate AMOLED Display
13 5G Bands
1 Year on Handset and 6 Months on Accessories"
22,"Samsung Galaxy A06 5G (Light Green, 64 GB)","4,466 Ratings & 327 Reviews",4.1,15% off,"4 GB RAM | 64 GB ROM | Expandable Upto 1 TB
17.02 cm (6.7 inch) HD+ Display
50MP + 50MP | 2MP + 2MP Dual Front Camera
5000 mAh Battery
MEDIATEK Processor
1 Year Manufacturer Warranty for Device and 6 Months for In-Box Accessories"
23,"realme Narzo 80 Lite 5G (Onyx Black, 128 GB)","2,045 Ratings & 135 Reviews",4.2,,"4 GB RAM | 128 GB ROM
16.94 cm (6.67 inch) Display
32MP Rear Camera
6000 mAh Battery
1 Year Warranty"
24,"REDMI 11 Prime 5G (Meadow Green, 64 GB)","4,687 Ratings & 262 Reviews",4.2,,"4 GB RAM | 64 GB ROM
16.71 cm (6.58 inch) Display
5MP Rear Camera
5000 mAh Battery
1 Year Warranty"
25,"realme GT 8 Pro (Diary White, 512 GB)",99 Ratings & 19 Reviews,4.5,9% off,"16 GB RAM | 512 GB ROM
17.25 cm (6.79 inch) Quad HD+ Display
50MP + 50MP + 200MP | 32MP Front Camera
7000 mAh Battery
8 Elite Gen 5 Processor
1 Year Manufacturer Warranty for Phone and 6 Months Warranty for In-Box Accessories"
26,"OnePlus 11 5G (Eternal Green, 256 GB)","1,900 Ratings & 165 Reviews",4.5,,"16 GB RAM | 256 GB ROM
17.02 cm (6.7 inch) Display
50MP Rear Camera
5000 mAh Battery
domestic warranty of 12 months on phone & 6 months on accessories"
27,"IQOO Z11 Lite 5G (Solar Flame, 256 GB)",,,22% off,"6 GB RAM | 256 GB ROM
17.12 cm (6.74 inch) Display
50MP Rear Camera
6500 mAh Battery
Mediatek Dimensity 6300 Processor
One Year of Handset six months of Accessories"
28,"realme P4R 5G (Silver Glare, 128 GB)","3,219 Ratings & 259 Reviews",4.4,45% off,"6 GB RAM | 128 GB ROM
17.27 cm (6.8 inch) HD+ Display
50MP Rear Camera | 8MP Front Camera
8000 mAh Lithium-ion polymer Battery
Dimensity 6300 Processor
1 Year Manufacturer Warranty for Device and 6 Months Manufacturer Warranty for Inbox Accessories"
29,"vivo X200T (Seaside Lilac, 256 GB)","7,772 Ratings & 1,552 Reviews",4.6,25% off,"12 GB RAM | 256 GB ROM
16.94 cm (6.67 inch) Full HD+ AMOLED Display
50MP + 50MP + 50MP | 32MP Front Camera
6200 mAh Battery
Dimensity 9400+ Processor
1 Year Warranty on Handset and 6 Months Warranty on Accessories"
30,"vivo V70 (Passion Red 2026, 256 GB)","1,589 Ratings & 192 Reviews",4.6,9% off,"8 GB RAM | 256 GB ROM
16.74 cm (6.59 inches) Full HD+ AMOLED Display
50MP + 50MP + 8MP | 50MP Front Camera
6500 mAh Li-ion battery Battery
Snapdragon 7 Gen 4 Processor
1 Year Warranty on Handset and 6 Months Warranty on Accessories"
31,"vivo V70 (Lemon Yellow 2026, 256 GB)","1,589 Ratings & 192 Reviews",4.6,9% off,"8 GB RAM | 256 GB ROM
16.74 cm (6.59 inches) Full HD+ AMOLED Display
50MP + 50MP + 8MP | 50MP Front Camera
6500 mAh Li-ion battery Battery
Snapdragon 7 Gen 4 Processor
1 Year Warranty on Handset and 6 Months Warranty on Accessories"
32,"realme P4 Lite 5G (Mosaic Blue, 64 GB)","11,802 Ratings & 755 Reviews",4.2,43% off,"4 GB RAM | 64 GB ROM
17.27 cm (6.8 inches) HD+ Display
13MP Rear Camera | 5MP Front Camera
7000 mAh lithium-ion polymer Battery
Dimensity 6300 Processor
1 Year Manufacturer Warranty for Device and 6 Months Manufacturer Warranty for Inbox Accessories"
33,"realme P4 Power 5G (TransSilver, 128 GB)","7,121 Ratings & 745 Reviews",4.4,9% off,"8 GB RAM | 128 GB ROM
17.27 cm (6.8 inch) Full HD+ AMOLED Display
50MP + 8MP | Yes
10001 mAh Battery
Dimensity 7400 Ultra Processor
1 Year Manufacturer Warranty for Device and 6 Months Manufacturer Warranty for Inbox Accessories"
34,"REDMI Note 14 Pro+ 5G (Titan Black, 256 GB)","3,406 Ratings & 295 Reviews",4.4,,"8 GB RAM | 256 GB ROM
16.94 cm (6.67 inch) Full HD+ AMOLED Display
50MP + 50MP + 8MP | 20MP Front Camera
6200 mAh Battery
7s Gen 3 Processor
1 Year Manufacturer Warranty for Phone and 6 Months Warranty for In the Box Accessories"
35,"OnePlus N6X (Burgundy Red, 64 GB)",,,22% off,"4 GB RAM | 64 GB ROM
17.27 cm (6.8 inch) HD+ Display
13MP Rear Camera
7000 mAh Battery
MediaTek Dimensity 6360 Apex Processor
One year of handset six month of accessories"
36,"OPPO Reno13 5G (Blue, 128 GB)","4,780 Ratings & 530 Reviews",4.4,,"8 GB RAM | 128 GB ROM
16.74 cm (6.59 inch) Full HD+ Display
50MP + 8MP + 2MP | 50MP Front Camera
5600 mAh Battery
Dimensity 8350 Processor
1 Year Warranty on Handset and 6 Months Warranty on Accessories"
37,"OPPO Reno13 5G (Ivory White, 128 GB)","4,780 Ratings & 530 Reviews",4.4,,"8 GB RAM | 128 GB ROM
16.74 cm (6.59 inch) Full HD+ Display
50MP + 8MP + 2MP | 50MP Front Camera
5600 mAh Battery
Dimensity 8350 Processor
1 Year Warranty on Handset and 6 Months Warranty on Accessories"
38,"OnePlus 15R 5G (Mint Breeze, 512 GB)","1,469 Ratings & 124 Reviews",4.6,7% off,"12 GB RAM | 512 GB ROM
17.35 cm (6.83 inch) Display
50MP Rear Camera
7400 mAh Battery
1 year manufacturer warranty for device and 6 months manufacturer warranty for in-box accessories including batteries from the date of purchase"
39,"POCO M8 (Glacial Blue, 128 GB)","2,080 Ratings & 189 Reviews",4.3,3% off,"8 GB RAM | 128 GB ROM | Expandable Upto 1 TB
17.2 cm (6.77 inch) Full HD+ Display
50MP Rear Camera | 20MP Front Camera
5520 mAh Battery
1 Year Manufacturer Warranty for Phone and 6 Months Warranty for In the Box Accessories"
40,"vivo X300 FE (Urban Olive, 256 GB)",,,22% off,"8 GB RAM | 256 GB ROM
16.03 cm (6.31 inch) Full HD+ AMOLED Display
50MP + 50MP + 8MP | 50MP Front Camera
6500 mAh Battery
Snapdragon 8 Gen 5 Processor
1 Year for Handset and 6 Months for In-box Accessories"
41,"IQOO Z11 Lite 5G (Midnight Blue, 256 GB)",,,34% off,"6 GB RAM | 256 GB ROM
17.12 cm (6.74 inch) Display
50MP Rear Camera
6500 mAh Battery
Mediatek Dimensity 6300 Processor
One Year of Handset six months of Accessories"
42,"OnePlus N6X (Burgundy Red, 128 GB)",,,21% off,"4 GB RAM | 128 GB ROM
17.27 cm (6.8 inch) HD+ Display
13MP Rear Camera
7000 mAh Battery
MediaTek Dimensity 6360 Apex Processor
One year of handset six month of accessories"
43,"OPPO Find X9 Ultra (Tundra Umber, 512 GB)",19 Ratings & 2 Reviews,4.9,32% off,"12 GB RAM | 512 GB ROM
17.32 cm (6.82 inch) Quad HD+ Display
200MP + 50MP + 200MP + 50MP | 50MP Front Camera
7050 mAh Battery
Snapdragon 8 Elite Gen 5 Processor
1 Year Warranty on Handset and 6 Months Warranty on Accessories"
44,"Motorola Edge 20 Fusion 5G (Electric Graphite, 128 GB)","20,491 Ratings & 2,687 Reviews",4,,"6 GB RAM | 128 GB ROM
16.94 cm (6.67 inch) Full HD+ Display
108MP + 8MP + 2MP | 32MP Front Camera
5000 mAh Battery
MediaTek Dimensity 800U Processor
90Hz Refresh Rate AMOLED Display
13 5G Bands
1 Year on Handset and 6 Months on Accessories"
45,"Samsung Galaxy A06 5G (Light Green, 64 GB)","4,466 Ratings & 327 Reviews",4.1,15% off,"4 GB RAM | 64 GB ROM | Expandable Upto 1 TB
17.02 cm (6.7 inch) HD+ Display
50MP + 50MP | 2MP + 2MP Dual Front Camera
5000 mAh Battery
MEDIATEK Processor
1 Year Manufacturer Warranty for Device and 6 Months for In-Box Accessories"
46,"realme Narzo 80 Lite 5G (Onyx Black, 128 GB)","2,045 Ratings & 135 Reviews",4.2,,"4 GB RAM | 128 GB ROM
16.94 cm (6.67 inch) Display
32MP Rear Camera
6000 mAh Battery
1 Year Warranty"
47,"REDMI Note 15 Pro + 5G (Coffee Mocha, 256 GB)",90 Ratings & 8 Reviews,4.2,17% off,"12 GB RAM | 256 GB ROM
17.35 cm (6.83 inch) Display
200MP Rear Camera
6500 mAh Battery
12 Months Brand Warranty"
48,"REDMI Note-14 Pro+ 5G (Phantom Purple, 128 GB)",772 Ratings & 57 Reviews,4.4,,"8 GB RAM | 128 GB ROM
16.94 cm (6.67 inch) Display
50MP + 50MP + 8MP | 20MP Front Camera
6200 mAh Battery
7s Gen 3 Processor
1 Year Manufacturer Warranty for Phone and 6 Months Warranty for In the Box Accessories"
49,"vivo S2 (Silk White, 256 GB)",,,36% off,"8 GB RAM | 256 GB ROM
17.35 cm (6.83 inch) Full HD+ AMOLED Display
50MP + 2MP | 32MP Front Camera
7050 mAh Lithium-ion Battery
Dimensity 7360-Turbo Processor
1 Year Warranty on the Handset and 6 Months Warranty on Inbox Accessories"
50,"realme 15x 5G (Aqua Blue, 128 GB)","3,475 Ratings & 295 Reviews",4.3,16% off,"8 GB RAM | 128 GB ROM | Expandable Upto 2 TB
17.27 cm (6.8 inch) Display
50MP Rear Camera | 50MP Front Camera
7000 mAh Battery
Dimensity 6300 6nm Octa-core chipset Processor
1 Year Manufacturer Warranty for Device and 6 Months Manufacturer Warranty for Inbox Accessories"
51,"REDMI 14C 5G (Stargaze Black, 128 GB)","11,451 Ratings & 647 Reviews",4.2,5% off,"6 GB RAM | 128 GB ROM | Expandable Upto 1 TB
17.48 cm (6.88 inch) HD+ Display
50MP Rear Camera | 8MP Front Camera
5160 mAh Battery
4 Gen 2 5G Processor
1 Year Manufacturer Warranty for Phone and 6 Months Warranty for In the Box Accessories"
52,"realme P4R 5G (Silver Glare, 128 GB)","3,219 Ratings & 259 Reviews",4.4,45% off,"6 GB RAM | 128 GB ROM
17.27 cm (6.8 inch) HD+ Display
50MP Rear Camera | 8MP Front Camera
8000 mAh Lithium-ion polymer Battery
Dimensity 6300 Processor
1 Year Manufacturer Warranty for Device and 6 Months Manufacturer Warranty for Inbox Accessories"
53,"realme P4 Lite 5G (Mosaic Blue, 64 GB)","11,802 Ratings & 755 Reviews",4.2,43% off,"4 GB RAM | 64 GB ROM
17.27 cm (6.8 inches) HD+ Display
13MP Rear Camera | 5MP Front Camera
7000 mAh lithium-ion polymer Battery
Dimensity 6300 Processor
1 Year Manufacturer Warranty for Device and 6 Months Manufacturer Warranty for Inbox Accessories"
54,"OnePlus 11 5G (Eternal Green, 256 GB)","1,900 Ratings & 165 Reviews",4.5,,"16 GB RAM | 256 GB ROM
17.02 cm (6.7 inch) Display
50MP Rear Camera
5000 mAh Battery
domestic warranty of 12 months on phone & 6 months on accessories"
55,"POCO C85 5G (Power Black, 128 GB)","2,282 Ratings & 239 Reviews",3.8,21% off,"4 GB RAM | 128 GB ROM | Expandable Upto 1 TB
17.53 cm (6.9 inch) HD+ Display
50MP Rear Camera | 8MP Front Camera
6000 mAh Lithium-Ion Polymer Battery
Dimensity 6300 Processor
1 Year Manufacturer Warranty for Phone and 6 Months Warranty for In the Box Accessories"
56,"realme P4 Power 5G (TransSilver, 128 GB)","7,149 Ratings & 749 Reviews",4.4,9% off,"8 GB RAM | 128 GB ROM
17.27 cm (6.8 inch) Full HD+ AMOLED Display
50MP + 8MP | Yes
10001 mAh Battery
Dimensity 7400 Ultra Processor
1 Year Manufacturer Warranty for Device and 6 Months Manufacturer Warranty for Inbox Accessories"
57,"vivo X200T (Stellar Black, 256 GB)","7,826 Ratings & 1,562 Reviews",4.6,25% off,"12 GB RAM | 256 GB ROM
16.94 cm (6.67 inch) Full HD+ AMOLED Display
50MP + 50MP + 50MP | 32MP Front Camera
6200 mAh Battery
Dimensity 9400+ Processor
1 Year Warranty on Handset and 6 Months Warranty on Accessories"
58,"OPPO Reno13 5G (Ivory White, 256 GB)","4,780 Ratings & 530 Reviews",4.4,,"8 GB RAM | 256 GB ROM
16.74 cm (6.59 inch) Full HD+ Display
50MP + 8MP + 2MP | 50MP Front Camera
5600 mAh Battery
Dimensity 8350 Processor
1 Year Warranty on Handset and 6 Months Warranty on Accessories"
59,"vivo V70 (Lemon Yellow 2026, 256 GB)","1,589 Ratings & 192 Reviews",4.6,9% off,"8 GB RAM | 256 GB ROM
16.74 cm (6.59 inches) Full HD+ AMOLED Display
50MP + 50MP + 8MP | 50MP Front Camera
6500 mAh Li-ion battery Battery
Snapdragon 7 Gen 4 Processor
1 Year Warranty on Handset and 6 Months Warranty on Accessories"
60,"vivo V70 (Passion Red 2026, 256 GB)","1,589 Ratings & 192 Reviews",4.6,9% off,"8 GB RAM | 256 GB ROM
16.74 cm (6.59 inches) Full HD+ AMOLED Display
50MP + 50MP + 8MP | 50MP Front Camera
6500 mAh Li-ion battery Battery
Snapdragon 7 Gen 4 Processor
1 Year Warranty on Handset and 6 Months Warranty on Accessories"
61,"IQOO Z11 Lite 5G (Solar Flame, 256 GB)",,,22% off,"6 GB RAM | 256 GB ROM
17.12 cm (6.74 inch) Display
50MP Rear Camera
6500 mAh Battery
Mediatek Dimensity 6300 Processor
One Year of Handset six months of Accessories"
62,"REDMI Note 14 Pro+ 5G (Titan Black, 256 GB)","3,406 Ratings & 295 Reviews",4.4,,"8 GB RAM | 256 GB ROM
16.94 cm (6.67 inch) Full HD+ AMOLED Display
50MP + 50MP + 8MP | 20MP Front Camera
6200 mAh Battery
7s Gen 3 Processor
1 Year Manufacturer Warranty for Phone and 6 Months Warranty for In the Box Accessories"
63,"OnePlus N6X (Burgundy Red, 64 GB)",,,22% off,"4 GB RAM | 64 GB ROM
17.27 cm (6.8 inch) HD+ Display
13MP Rear Camera
7000 mAh Battery
MediaTek Dimensity 6360 Apex Processor
One year of handset six month of accessories"
64,"11 Lite NE (Vinyl Black, 128 GB)",25 Ratings & 4 Reviews,3.7,32% off,"6 GB RAM | 128 GB ROM
16.64 cm (6.55 inch) Display
64MP Rear Camera
4250 mAh Battery
1 Year Manufacturer Warranty for Handset and 6 Months Warranty for In the Box Accessories"
65,"POCO M8 (Glacial Blue, 128 GB)","2,080 Ratings & 189 Reviews",4.3,3% off,"8 GB RAM | 128 GB ROM | Expandable Upto 1 TB
17.2 cm (6.77 inch) Full HD+ Display
50MP Rear Camera | 20MP Front Camera
5520 mAh Battery
1 Year Manufacturer Warranty for Phone and 6 Months Warranty for In the Box Accessories"
66,"REDMI Note 14 Pro+ 5G (Phantom Purple, 256 GB)","3,406 Ratings & 295 Reviews",4.4,16% off,"8 GB RAM | 256 GB ROM
16.94 cm (6.67 inch) Display
50MP + 50MP + 8MP | 20MP Front Camera
6200 mAh Battery
7s Gen 3 Processor
1 Year Manufacturer Warranty for Phone and 6 Months Warranty for In the Box Accessories"
67,"OPPO Reno13 5G (Ivory White, 128 GB)","4,780 Ratings & 530 Reviews",4.4,,"8 GB RAM | 128 GB ROM
16.74 cm (6.59 inch) Full HD+ Display
50MP + 8MP + 2MP | 50MP Front Camera
5600 mAh Battery
Dimensity 8350 Processor
1 Year Warranty on Handset and 6 Months Warranty on Accessories"
68,"OPPO Reno13 5G (Blue, 128 GB)","4,780 Ratings & 530 Reviews",4.4,,"8 GB RAM | 128 GB ROM
16.74 cm (6.59 inch) Full HD+ Display
50MP + 8MP + 2MP | 50MP Front Camera
5600 mAh Battery
Dimensity 8350 Processor
1 Year Warranty on Handset and 6 Months Warranty on Accessories"
69,"OnePlus 15R 5G (Mint Breeze, 512 GB)","1,469 Ratings & 124 Reviews",4.6,7% off,"12 GB RAM | 512 GB ROM
17.35 cm (6.83 inch) Display
50MP Rear Camera
7400 mAh Battery
1 year manufacturer warranty for device and 6 months manufacturer warranty for in-box accessories including batteries from the date of purchase"
70,"Motorola Edge 20 Fusion 5G (Electric Graphite, 128 GB)","20,491 Ratings & 2,687 Reviews",4,,"6 GB RAM | 128 GB ROM
16.94 cm (6.67 inch) Full HD+ Display
108MP + 8MP + 2MP | 32MP Front Camera
5000 mAh Battery
MediaTek Dimensity 800U Processor
90Hz Refresh Rate AMOLED Display
13 5G Bands
1 Year on Handset and 6 Months on Accessories"
71,"OnePlus N6X (Burgundy Red, 128 GB)",,,21% off,"4 GB RAM | 128 GB ROM
17.27 cm (6.8 inch) HD+ Display
13MP Rear Camera
7000 mAh Battery
MediaTek Dimensity 6360 Apex Processor
One year of handset six month of accessories"
72,"Samsung Galaxy A07 5G (Light Green, 128 GB)",70 Ratings & 9 Reviews,3.9,2% off,"4 GB RAM | 128 GB ROM | Expandable Upto 2 TB
43.51 cm (17.13 inch) HD+ Display
50MP + 2MP | 8MP Front Camera
6000 mAh Li-ion Battery
Dimensity 6300 Processor
1 Year Manufacturer Warranty for Device and 6 Months for In-Box Accessories"
73,"REDMI 15 5G (Midnight Black, 128 GB)","2,988 Ratings & 230 Reviews",4.3,35% off,"6 GB RAM | 128 GB ROM
17.53 cm (6.9 inch) Display
50MP Rear Camera
7000 mAh Battery
1 year manufacturer warranty for device and 6 months manufacturer warranty for in-box accessories including batteries from the date of purchase"
74,"Samsung Galaxy S26 Ultra 5G (White, 512 GB)","1,052 Ratings & 326 Reviews",4.6,,"12 GB RAM | 512 GB ROM
17.53 cm (6.9 inch) Quad HD+ Display
200MP + 50MP | 12MP Front Camera
5000 mAh Li-ion Battery
Snapdragon 8 Elite Gen 5 Processor
1 Year Manufacturer Warranty for Device and 6 Months for In-Box Accessories"
75,"realme 16 Pro+ 5G (Master Gold, 256 GB)",855 Ratings & 123 Reviews,4.6,5% off,"12 GB RAM | 256 GB ROM
17.27 cm (6.8 inch) Full HD+ AMOLED Display
200MP + 50MP + 8MP | 50MP Front Camera
7000 mAh Battery
7 Gen 4 Processor
1 Year Manufacturer Warranty for Phone and 6 Months Warranty for In-Box Accessories"
76,"realme P4R 5G (Silver Glare, 128 GB)","3,219 Ratings & 259 Reviews",4.4,45% off,"6 GB RAM | 128 GB ROM
17.27 cm (6.8 inch) HD+ Display
50MP Rear Camera | 8MP Front Camera
8000 mAh Lithium-ion polymer Battery
Dimensity 6300 Processor
1 Year Manufacturer Warranty for Device and 6 Months Manufacturer Warranty for Inbox Accessories"
77,"realme P4 Power 5G (TransSilver, 128 GB)","7,121 Ratings & 745 Reviews",4.4,9% off,"8 GB RAM | 128 GB ROM
17.27 cm (6.8 inch) Full HD+ AMOLED Display
50MP + 8MP | Yes
10001 mAh Battery
Dimensity 7400 Ultra Processor
1 Year Manufacturer Warranty for Device and 6 Months Manufacturer Warranty for Inbox Accessories"
78,"Infinix HOT 60i 5G (Monsoon Green, 128 GB)","1,513 Ratings & 141 Reviews",4.3,32% off,"4 GB RAM | 128 GB ROM
17.14 cm (6.75 inch) HD+ Display
50MP Rear Camera | 5MP Front Camera
6000 mAh Battery
Dimensity 6400 Processor
1 Year Manufacturer Warranty for Device and 6 Months Manufacturer Warranty for Inbox Accessories"
79,"Apple iPhone 16e (White, 256 GB)","1,434 Ratings & 109 Reviews",4.5,,"256 GB ROM
15.49 cm (6.1 inch) Super Retina XDR Display
48MP Rear Camera | 12MP Front Camera
A18 Chip, 6 Core Processor
1 year warranty for phone and 1 year warranty for in Box Accessories."
80,"vivo X200T (Stellar Black, 256 GB)","7,772 Ratings & 1,552 Reviews",4.6,25% off,"12 GB RAM | 256 GB ROM
16.94 cm (6.67 inch) Full HD+ AMOLED Display
50MP + 50MP + 50MP | 32MP Front Camera
6200 mAh Battery
Dimensity 9400+ Processor
1 Year Warranty on Handset and 6 Months Warranty on Accessories"
81,"REDMI 15 5G (Frosted White, 256 GB)","4,774 Ratings & 300 Reviews",4.3,1% off,"8 GB RAM | 256 GB ROM
17.53 cm (6.9 inch) Display
50MP Rear Camera
7000 mAh Battery
1 year manufacturer warranty for device and 6 months manufacturer warranty for in-box accessories including batteries from the date of purchase"
82,"Apple iPhone 16e (Black, 256 GB)","1,434 Ratings & 109 Reviews",4.5,,"256 GB ROM
15.49 cm (6.1 inch) Super Retina XDR Display
48MP Rear Camera | 12MP Front Camera
A18 Chip, 6 Core Processor
1 year warranty for phone and 1 year warranty for in Box Accessories."
83,"Ai+ Nova 2 Neo 5G (Green, 64 GB)",987 Ratings & 109 Reviews,4.4,22% off,"4 GB RAM | 64 GB ROM | Expandable Upto 2 TB
17.13 cm (6.745 inch) HD+ Display
48MP Rear Camera | 8MP Front Camera
6000 mAh Li-polymer Battery
Dimensity 6300 Processor
1 Year Warranty on Handset and 6 Months Warranty on the Inbox Accessories"
84,"Samsung Galaxy S26 Ultra 5G (Black, 256 GB)","1,052 Ratings & 326 Reviews",4.6,10% off,"12 GB RAM | 256 GB ROM
17.53 cm (6.9 inch) Quad HD+ Display
200MP + 50MP | 12MP Front Camera
5000 mAh Li-ion Battery
Snapdragon 8 Elite Gen 5 Processor
1 Year Manufacturer Warranty for Device and 6 Months for In-Box Accessories"
85,"Samsung Galaxy A06 5G (Light Green, 128 GB)","4,466 Ratings & 327 Reviews",4.1,29% off,"4 GB RAM | 128 GB ROM | Expandable Upto 1 TB
17.02 cm (6.7 inch) HD+ Display
50MP + 50MP | 2MP + 2MP Dual Front Camera
5000 mAh Battery
MEDIATEK Processor
1 Year Manufacturer Warranty for Device and 6 Months for In-Box Accessories"
86,"OPPO Reno14 5G (Pearl White, 256 GB)","6,274 Ratings & 831 Reviews",4.5,,"8 GB RAM | 256 GB ROM
16.74 cm (6.59 inch) Display
50MP + 8MP + 50MP | 50MP Front Camera
6000 mAh Battery
Dimensity 8350 Processor
1 Year Manufacturer Warranty for Device and 6 Months Manufacturer Warranty for Inbox Accessories"
87,"OPPO Reno14 5G (Forest Green, 256 GB)","6,274 Ratings & 831 Reviews",4.5,,"8 GB RAM | 256 GB ROM
16.74 cm (6.59 inch) Full HD+ Display
50MP + 8MP + 50MP | 50MP Front Camera
6000 mAh Battery
Dimensity 8350 Processor
1 Year Manufacturer Warranty for Device and 6 Months Manufacturer Warranty for Inbox Accessories"
88,"OPPO Reno16 5G (Stellar Purple, 256 GB)",108 Ratings & 30 Reviews,4.5,31% off,"8 GB RAM | 256 GB ROM
16.05 cm (6.32 inch) Full HD+ Display
50MP + 50MP + 50MP | 50MP Front Camera
6700 mAh lithium-ion polymer Battery
7 Gen 4 Processor
1 Year Warranty on Handset and 6 Months Warranty on Accessories"
89,"OPPO Reno16 5G (Twilight Violet, 256 GB)",37 Ratings & 9 Reviews,4.4,32% off,"12 GB RAM | 256 GB ROM
16.05 cm (6.32 inch) Full HD+ Display
50MP + 50MP + 50MP | 50MP Front Camera
6700 mAh lithium-ion polymer Battery
7 Gen 4 Processor
1 Year Warranty on Handset and 6 Months Warranty on Accessories"
90,"OPPO A6x 5G (Ice Blue, 128 GB)",171 Ratings & 10 Reviews,4.3,4% off,"6 GB RAM | 128 GB ROM
17.14 cm (6.75 inch) HD+ Display
13MP Rear Camera | 5MP Front Camera
6500 mAh Battery
Dimensity 6300 Processor
1 Year Manufacturer Warranty for Device and 6 Months Manufacturer Warranty for Inbox Accessories"
91,"realme 16 Pro+ 5G (Master Grey, 256 GB)",855 Ratings & 123 Reviews,4.6,5% off,"12 GB RAM | 256 GB ROM
17.27 cm (6.8 inch) Full HD+ AMOLED Display
200MP + 50MP + 8MP | 50MP Front Camera
7000 mAh Battery
7 Gen 4 Processor
1 Year Manufacturer Warranty for Phone and 6 Months Warranty for In-Box Accessories"
92,"IQOO 15R 5G (Dark Knight, 256 GB)",330 Ratings & 42 Reviews,4.7,3% off,"8 GB RAM | 256 GB ROM
16.74 cm (6.59 inch) Display
50MP Rear Camera
7600 mAh Battery
12 Months Brand Warranty"
93,"Samsung Galaxy S24 5G Snapdragon (Onyx Black, 128 GB)","57,433 Ratings & 4,568 Reviews",4.6,33% off,"8 GB RAM | 128 GB ROM
15.75 cm (6.2 inch) Full HD+ Display
50MP + 12MP | 12MP Front Camera
4000 mAh Battery
8 Gen 3 Processor
1 Year Manufacturer Warranty for Device and 6 Months for In-Box Accessories"
94,"OPPO Reno16 5G (Starry White, 256 GB)",37 Ratings & 9 Reviews,4.4,32% off,"12 GB RAM | 256 GB ROM
16.05 cm (6.32 inch) Full HD+ Display
50MP + 50MP + 50MP | 50MP Front Camera
6700 mAh lithium-ion polymer Battery
7 Gen 4 Processor
1 Year Warranty on Handset and 6 Months Warranty on Accessories"
95,"Ai+ Nova 2 Neo 5G (Red, 64 GB)",987 Ratings & 109 Reviews,4.4,22% off,"4 GB RAM | 64 GB ROM | Expandable Upto 2 TB
17.13 cm (6.745 inch) HD+ Display
48MP Rear Camera | 8MP Front Camera
6000 mAh Li-polymer Battery
Dimensity 6300 Processor
1 Year Warranty on Handset and 6 Months Warranty on the Inbox Accessories"
